-- phpMyAdmin SQL Dump
-- version 4.0.10deb1
-- http://www.phpmyadmin.net
--
-- Host: localhost
-- Generation Time: Jul 15, 2015 at 07:04 PM
-- Server version: 5.5.43-0ubuntu0.14.04.1
-- PHP Version: 5.5.9-1ubuntu4.9

SET SQL_MODE = "NO_AUTO_VALUE_ON_ZERO";
SET time_zone = "+00:00";


/*!40101 SET @OLD_CHARACTER_SET_CLIENT=@@CHARACTER_SET_CLIENT */;
/*!40101 SET @OLD_CHARACTER_SET_RESULTS=@@CHARACTER_SET_RESULTS */;
/*!40101 SET @OLD_COLLATION_CONNECTION=@@COLLATION_CONNECTION */;
/*!40101 SET NAMES utf8 */;

--
-- Database: `sat-calculator`
--

-- --------------------------------------------------------

--
-- Table structure for table `math`
--

CREATE TABLE IF NOT EXISTS `math` (
  `raw_score` int(11) NOT NULL,
  `scaled_score` int(11) NOT NULL
) ENGINE=InnoDB DEFAULT CHARSET=latin1;

--
-- Dumping data for table `math`
--

INSERT INTO `math` (`raw_score`, `scaled_score`) VALUES
(54, 800),
(53, 790),
(52, 760),
(51, 740),
(50, 720),
(49, 710),
(48, 700),
(47, 690),
(46, 680),
(45, 670),
(44, 660),
(43, 650),
(42, 640),
(41, 640),
(40, 630),
(39, 620),
(38, 610),
(37, 600),
(36, 590),
(35, 590),
(34, 580),
(33, 570),
(32, 560),
(31, 550),
(30, 540),
(29, 540),
(28, 530),
(27, 520),
(26, 510),
(25, 500),
(24, 490),
(23, 480),
(22, 480),
(21, 470),
(20, 460),
(19, 450),
(18, 440),
(17, 430),
(16, 420),
(15, 420),
(14, 410),
(13, 400),
(12, 390),
(11, 380),
(10, 370),
(9, 360),
(8, 350),
(7, 330),
(6, 320),
(5, 310),
(4, 290),
(3, 280),
(2, 260),
(1, 240),
(0, 220),
(-1, 200),
(-2, 200);

-- --------------------------------------------------------

--
-- Table structure for table `reading`
--

CREATE TABLE IF NOT EXISTS `reading` (
  `raw_score` int(11) NOT NULL,
  `scaled_score` int(11) NOT NULL
) ENGINE=InnoDB DEFAULT CHARSET=latin1;

--
-- Dumping data for table `reading`
--

INSERT INTO `reading` (`raw_score`, `scaled_score`) VALUES
(67, 800),
(66, 800),
(65, 800),
(64, 790),
(63, 770),
(62, 760),
(61, 740),
(60, 730),
(59, 720),
(58, 700),
(57, 690),
(56, 680),
(55, 670),
(54, 670),
(53, 660),
(52, 650),
(51, 640),
(50, 630),
(49, 620),
(48, 620),
(47, 610),
(46, 600),
(45, 600),
(44, 590),
(43, 580),
(42, 570),
(41, 570),
(40, 560),
(39, 550),
(38, 550),
(37, 540),
(36, 530),
(35, 530),
(34, 520),
(33, 520),
(32, 510),
(31, 500),
(30, 500),
(29, 490),
(28, 480),
(27, 480),
(26, 470),
(25, 460),
(24, 460),
(23, 450),
(22, 440),
(21, 440),
(20, 430),
(19, 420),
(18, 410),
(17, 410),
(16, 400),
(15, 390),
(14, 380),
(13, 380),
(12, 370),
(11, 360),
(10, 350),
(9, 340),
(8, 330),
(7, 320),
(6, 310),
(5, 300),
(4, 290),
(3, 270),
(2, 260),
(1, 240),
(0, 220),
(-1, 210),
(-2, 200);

-- --------------------------------------------------------

--
-- Table structure for table `writing`
--

CREATE TABLE IF NOT EXISTS `writing` (
  `raw_score` int(11) NOT NULL,
  `essay_score` int(11) NOT NULL,
  `scaled_score` int(11) NOT NULL
) ENGINE=InnoDB DEFAULT CHARSET=latin1;

--
-- Dumping data for table `writing`
--

INSERT INTO `writing` (`raw_score`, `essay_score`, `scaled_score`) VALUES
(-3, 0, 200),
(-3, 2, 200),
(-3, 3, 200),
(-3, 4, 200),
(-3, 5, 200),
(-3, 6, 210),
(-3, 7, 220),
(-3, 8, 240),
(-3, 9, 260),
(-3, 10, 280),
(-3, 11, 290),
(-3, 12, 310),
(-2, 0, 200),
(-2, 2, 200),
(-2, 3, 200),
(-2, 4, 200),
(-2, 5, 200),
(-2, 6, 210),
(-2, 7, 230),
(-2, 8, 250),
(-2, 9, 270),
(-2, 10, 280),
(-2, 11, 300),
(-2, 12, 310),
(-1, 0, 200),
(-1, 2, 200),
(-1, 3, 200),
(-1, 4, 200),
(-1, 5, 220),
(-1, 6, 230),
(-1, 7, 250),
(-1, 8, 270),
(-1, 9, 290),
(-1, 10, 300),
(-1, 11, 320),
(-1, 12, 330),
(0, 0, 200),
(0, 2, 200),
(0, 3, 210),
(0, 4, 220),
(0, 5, 230),
(0, 6, 250),
(0, 7, 260),
(0, 8, 280),
(0, 9, 300),
(0, 10, 320),
(0, 11, 340),
(0, 12, 350),
(1, 0, 200),
(1, 2, 210),
(1, 3, 220),
(1, 4, 240),
(1, 5, 250),
(1, 6, 260),
(1, 7, 280),
(1, 8, 300),
(1, 9, 320),
(1, 10, 340),
(1, 11, 350),
(1, 12, 370),
(2, 0, 210),
(2, 2, 220),
(2, 3, 240),
(2, 4, 250),
(2, 5, 260),
(2, 6, 280),
(2, 7, 290),
(2, 8, 310),
(2, 9, 330),
(2, 10, 350),
(2, 11, 370),
(2, 12, 380),
(3, 0, 220),
(3, 2, 230),
(3, 3, 250),
(3, 4, 260),
(3, 5, 280),
(3, 6, 290),
(3, 7, 310),
(3, 8, 330),
(3, 9, 350),
(3, 10, 360),
(3, 11, 380),
(3, 12, 390),
(4, 0, 230),
(4, 2, 240),
(4, 3, 260),
(4, 4, 270),
(4, 5, 290),
(4, 6, 300),
(4, 7, 320),
(4, 8, 340),
(4, 9, 360),
(4, 10, 370),
(4, 11, 390),
(4, 12, 400),
(5, 0, 240),
(5, 2, 250),
(5, 3, 270),
(5, 4, 280),
(5, 5, 300),
(5, 6, 310),
(5, 7, 330),
(5, 8, 350),
(5, 9, 370),
(5, 10, 380),
(5, 11, 400),
(5, 12, 410),
(6, 0, 250),
(6, 2, 260),
(6, 3, 280),
(6, 4, 290),
(6, 5, 310),
(6, 6, 320),
(6, 7, 340),
(6, 8, 360),
(6, 9, 380),
(6, 10, 390),
(6, 11, 410),
(6, 12, 420),
(7, 0, 260),
(7, 2, 270),
(7, 3, 290),
(7, 4, 300),
(7, 5, 310),
(7, 6, 330),
(7, 7, 350),
(7, 8, 360),
(7, 9, 390),
(7, 10, 400),
(7, 11, 420),
(7, 12, 430),
(8, 0, 270),
(8, 2, 280),
(8, 3, 300),
(8, 4, 310),
(8, 5, 320),
(8, 6, 340),
(8, 7, 350),
(8, 8, 370),
(8, 9, 390),
(8, 10, 410),
(8, 11, 430),
(8, 12, 440),
(9, 0, 280),
(9, 2, 290),
(9, 3, 300),
(9, 4, 320),
(9, 5, 330),
(9, 6, 350),
(9, 7, 360),
(9, 8, 380),
(9, 9, 400),
(9, 10, 420),
(9, 11, 430),
(9, 12, 450),
(10, 0, 280),
(10, 2, 290),
(10, 3, 310),
(10, 4, 330),
(10, 5, 340),
(10, 6, 350),
(10, 7, 370),
(10, 8, 390),
(10, 9, 410),
(10, 10, 420),
(10, 11, 440),
(10, 12, 460),
(11, 0, 290),
(11, 2, 300),
(11, 3, 320),
(11, 4, 330),
(11, 5, 350),
(11, 6, 360),
(11, 7, 380),
(11, 8, 400),
(11, 9, 420),
(11, 10, 430),
(11, 11, 450),
(11, 12, 460),
(12, 0, 300),
(12, 2, 310),
(12, 3, 330),
(12, 4, 340),
(12, 5, 350),
(12, 6, 370),
(12, 7, 380),
(12, 8, 400),
(12, 9, 420),
(12, 10, 440),
(12, 11, 460),
(12, 12, 470),
(13, 0, 310),
(13, 2, 320),
(13, 3, 330),
(13, 4, 350),
(13, 5, 360),
(13, 6, 380),
(13, 7, 390),
(13, 8, 410),
(13, 9, 430),
(13, 10, 450),
(13, 11, 460),
(13, 12, 480),
(14, 0, 310),
(14, 2, 320),
(14, 3, 340),
(14, 4, 360),
(14, 5, 370),
(14, 6, 380),
(14, 7, 400),
(14, 8, 420),
(14, 9, 440),
(14, 10, 450),
(14, 11, 470),
(14, 12, 490),
(15, 0, 320),
(15, 2, 330),
(15, 3, 350),
(15, 4, 360),
(15, 5, 370),
(15, 6, 390),
(15, 7, 410),
(15, 8, 430),
(15, 9, 450),
(15, 10, 460),
(15, 11, 480),
(15, 12, 490),
(16, 0, 330),
(16, 2, 340),
(16, 3, 360),
(16, 4, 370),
(16, 5, 380),
(16, 6, 400),
(16, 7, 410),
(16, 8, 430),
(16, 9, 450),
(16, 10, 470),
(16, 11, 490),
(16, 12, 500),
(17, 0, 340),
(17, 2, 350),
(17, 3, 360),
(17, 4, 380),
(17, 5, 390),
(17, 6, 410),
(17, 7, 420),
(17, 8, 440),
(17, 9, 460),
(17, 10, 480),
(17, 11, 490),
(17, 12, 510),
(18, 0, 340),
(18, 2, 350),
(18, 3, 370),
(18, 4, 390),
(18, 5, 400),
(18, 6, 410),
(18, 7, 430),
(18, 8, 450),
(18, 9, 470),
(18, 10, 480),
(18, 11, 500),
(18, 12, 520),
(19, 0, 350),
(19, 2, 360),
(19, 3, 380),
(19, 4, 390),
(19, 5, 410),
(19, 6, 420),
(19, 7, 440),
(19, 8, 460),
(19, 9, 480),
(19, 10, 490),
(19, 11, 510),
(19, 12, 520),
(20, 0, 360),
(20, 2, 370),
(20, 3, 390),
(20, 4, 400),
(20, 5, 410),
(20, 6, 430),
(20, 7, 440),
(20, 8, 460),
(20, 9, 480),
(20, 10, 500),
(20, 11, 520),
(20, 12, 530),
(21, 0, 370),
(21, 2, 380),
(21, 3, 390),
(21, 4, 410),
(21, 5, 420),
(21, 6, 440),
(21, 7, 450),
(21, 8, 470),
(21, 9, 490),
(21, 10, 510),
(21, 11, 520),
(21, 12, 540),
(22, 0, 380),
(22, 2, 390),
(22, 3, 400),
(22, 4, 420),
(22, 5, 430),
(22, 6, 450),
(22, 7, 460),
(22, 8, 480),
(22, 9, 500),
(22, 10, 520),
(22, 11, 530),
(22, 12, 550),
(23, 0, 380),
(23, 2, 390),
(23, 3, 410),
(23, 4, 430),
(23, 5, 440),
(23, 6, 450),
(23, 7, 470),
(23, 8, 490),
(23, 9, 510),
(23, 10, 520),
(23, 11, 540),
(23, 12, 560),
(24, 0, 390),
(24, 2, 400),
(24, 3, 420),
(24, 4, 430),
(24, 5, 450),
(24, 6, 460),
(24, 7, 480),
(24, 8, 500),
(24, 9, 520),
(24, 10, 530),
(24, 11, 550),
(24, 12, 560),
(25, 0, 400),
(25, 2, 410),
(25, 3, 430),
(25, 4, 440),
(25, 5, 450),
(25, 6, 470),
(25, 7, 490),
(25, 8, 500),
(25, 9, 530),
(25, 10, 540),
(25, 11, 560),
(25, 12, 570),
(26, 0, 410),
(26, 2, 420),
(26, 3, 440),
(26, 4, 450),
(26, 5, 460),
(26, 6, 480),
(26, 7, 490),
(26, 8, 510),
(26, 9, 530),
(26, 10, 550),
(26, 11, 570),
(26, 12, 580),
(27, 0, 420),
(27, 2, 430),
(27, 3, 440),
(27, 4, 460),
(27, 5, 470),
(27, 6, 490),
(27, 7, 500),
(27, 8, 520),
(27, 9, 540),
(27, 10, 560),
(27, 11, 570),
(27, 12, 590),
(28, 0, 430),
(28, 2, 440),
(28, 3, 450),
(28, 4, 470),
(28, 5, 480),
(28, 6, 490),
(28, 7, 510),
(28, 8, 530),
(28, 9, 550),
(28, 10, 570),
(28, 11, 580),
(28, 12, 600),
(29, 0, 430),
(29, 2, 440),
(29, 3, 460),
(29, 4, 480),
(29, 5, 490),
(29, 6, 500),
(29, 7, 520),
(29, 8, 540),
(29, 9, 560),
(29, 10, 570),
(29, 11, 590),
(29, 12, 610),
(30, 0, 440),
(30, 2, 450),
(30, 3, 470),
(30, 4, 480),
(30, 5, 500),
(30, 6, 510),
(30, 7, 530),
(30, 8, 530),
(30, 9, 570),
(30, 10, 580),
(30, 11, 600),
(30, 12, 610),
(31, 0, 450),
(31, 2, 460),
(31, 3, 480),
(31, 4, 490),
(31, 5, 500),
(31, 6, 520),
(31, 7, 540),
(31, 8, 550),
(31, 9, 580),
(31, 10, 590),
(31, 11, 610),
(31, 12, 620),
(32, 0, 460),
(32, 2, 470),
(32, 3, 490),
(32, 4, 500),
(32, 5, 510),
(32, 6, 530),
(32, 7, 540),
(32, 8, 560),
(32, 9, 580),
(32, 10, 600),
(32, 11, 620),
(32, 12, 630),
(33, 0, 470),
(33, 2, 480),
(33, 3, 490),
(33, 4, 510),
(33, 5, 520),
(33, 6, 540),
(33, 7, 550),
(33, 8, 570),
(33, 9, 590),
(33, 10, 610),
(33, 11, 620),
(33, 12, 640),
(34, 0, 480),
(34, 2, 490),
(34, 3, 500),
(34, 4, 520),
(34, 5, 530),
(34, 6, 550),
(34, 7, 560),
(34, 8, 580),
(34, 9, 600),
(34, 10, 620),
(34, 11, 630),
(34, 12, 650),
(35, 0, 480),
(35, 2, 490),
(35, 3, 510),
(35, 4, 530),
(35, 5, 540),
(35, 6, 550),
(35, 7, 570),
(35, 8, 590),
(35, 9, 610),
(35, 10, 620),
(35, 11, 640),
(35, 12, 660),
(36, 0, 490),
(36, 2, 500),
(36, 3, 520),
(36, 4, 530),
(36, 5, 550),
(36, 6, 560),
(36, 7, 580),
(36, 8, 600),
(36, 9, 620),
(36, 10, 630),
(36, 11, 650),
(36, 12, 660),
(37, 0, 500),
(37, 2, 510),
(37, 3, 530),
(37, 4, 540),
(37, 5, 550),
(37, 6, 570),
(37, 7, 590),
(37, 8, 610),
(37, 9, 630),
(37, 10, 640),
(37, 11, 660),
(37, 12, 670),
(38, 0, 510),
(38, 2, 520),
(38, 3, 540),
(38, 4, 550),
(38, 5, 560),
(38, 6, 580),
(38, 7, 600),
(38, 8, 610),
(38, 9, 630),
(38, 10, 650),
(38, 11, 670),
(38, 12, 680),
(39, 0, 520),
(39, 2, 530),
(39, 3, 550),
(39, 4, 560),
(39, 5, 570),
(39, 6, 590),
(39, 7, 600),
(39, 8, 620),
(39, 9, 640),
(39, 10, 660),
(39, 11, 680),
(39, 12, 690),
(40, 0, 530),
(40, 2, 540),
(40, 3, 550),
(40, 4, 570),
(40, 5, 580),
(40, 6, 600),
(40, 7, 610),
(40, 8, 630),
(40, 9, 650),
(40, 10, 670),
(40, 11, 680),
(40, 12, 700),
(41, 0, 540),
(41, 2, 550),
(41, 3, 560),
(41, 4, 580),
(41, 5, 590),
(41, 6, 610),
(41, 7, 620),
(41, 8, 640),
(41, 9, 660),
(41, 10, 680),
(41, 11, 690),
(41, 12, 710),
(42, 0, 550),
(42, 2, 560),
(42, 3, 570),
(42, 4, 590),
(42, 5, 600),
(42, 6, 620),
(42, 7, 630),
(42, 8, 650),
(42, 9, 670),
(42, 10, 690),
(42, 11, 700),
(42, 12, 720),
(43, 0, 560),
(43, 2, 570),
(43, 3, 590),
(43, 4, 600),
(43, 5, 610),
(43, 6, 630),
(43, 7, 640),
(43, 8, 660),
(43, 9, 680),
(43, 10, 700),
(43, 11, 720),
(43, 12, 730),
(44, 0, 570),
(44, 2, 580),
(44, 3, 600),
(44, 4, 610),
(44, 5, 620),
(44, 6, 640),
(44, 7, 660),
(44, 8, 670),
(44, 9, 700),
(44, 10, 710),
(44, 11, 730),
(44, 12, 740),
(45, 0, 580),
(45, 2, 590),
(45, 3, 610),
(45, 4, 630),
(45, 5, 640),
(45, 6, 650),
(45, 7, 670),
(45, 8, 690),
(45, 9, 710),
(45, 10, 720),
(45, 11, 740),
(45, 12, 760),
(46, 0, 600),
(46, 2, 610),
(46, 3, 630),
(46, 4, 640),
(46, 5, 650),
(46, 6, 670),
(46, 7, 680),
(46, 8, 700),
(46, 9, 720),
(46, 10, 740),
(46, 11, 750),
(46, 12, 770),
(47, 0, 620),
(47, 2, 630),
(47, 3, 640),
(47, 4, 660),
(47, 5, 670),
(47, 6, 690),
(47, 7, 700),
(47, 8, 720),
(47, 9, 740),
(47, 10, 760),
(47, 11, 770),
(47, 12, 790),
(48, 0, 640),
(48, 2, 650),
(48, 3, 670),
(48, 4, 680),
(48, 5, 690),
(48, 6, 710),
(48, 7, 720),
(48, 8, 740),
(48, 9, 760),
(48, 10, 780),
(48, 11, 800),
(48, 12, 800),
(49, 0, 670),
(49, 2, 680),
(49, 3, 700),
(49, 4, 710),
(49, 5, 720),
(49, 6, 740),
(49, 7, 750),
(49, 8, 770),
(49, 9, 790),
(49, 10, 800),
(49, 11, 800),
(49, 12, 800);

/*!40101 SET CHARACTER_SET_CLIENT=@OLD_CHARACTER_SET_CLIENT */;
/*!40101 SET CHARACTER_SET_RESULTS=@OLD_CHARACTER_SET_RESULTS */;
/*!40101 SET COLLATION_CONNECTION=@OLD_COLLATION_CONNECTION */;
